domain,tld,available,registrar,expiry_date,domain_status,method,error,checked_at
qvoxly.de,de,是,,,未注册,RDAP,,2026-02-25 20:55:44
zybrax.de,de,是,,,未注册,RDAP,,2026-02-25 20:55:44
nexlify.de,de,是,,,未注册,RDAP,,2026-02-25 20:55:44
votixapp.de,de,是,,,未注册,RDAP,,2026-02-25 20:55:44
fluxrly.de,de,是,,,未注册,RDAP,,2026-02-25 20:55:44
kryptly.de,de,是,,,未注册,RDAP,,2026-02-25 20:55:44
syncably.de,de,是,,,未注册,RDAP,,2026-02-25 20:55:44
zephyrx.de,de,是,,,未注册,RDAP,,2026-02-25 20:55:44
luminary.de,de,是,,,未注册,RDAP,,2026-02-25 20:55:44
vaultron.de,de,是,,,未注册,RDAP,,2026-02-25 20:55:44
glyphly.de,de,是,,,未注册,RDAP,,2026-02-25 20:55:53
nebulix.de,de,是,,,未注册,RDAP,,2026-02-25 20:55:53
orbitly.de,de,是,,,未注册,RDAP,,2026-02-25 20:55:54
prismatix.de,de,是,,,未注册,RDAP,,2026-02-25 20:55:54
quantex.de,de,是,,,未注册,RDAP,,2026-02-25 20:55:54
google.de,de,是,,,未注册,RDAP,,2026-02-25 20:55:54
github.de,de,是,,,未注册,RDAP,,2026-02-25 20:55:54
openai.de,de,是,,,未注册,RDAP,,2026-02-25 20:55:54
cloudstackio.com,com,是,,,未注册,RDAP,,2026-02-25 20:55:54
aibuilderlab.com,com,否,"NameCheap, Inc.",2026-10-26,client transfer prohibited,RDAP,,2026-02-25 20:55:55
devtoolbox.io,io,是,,,未注册,RDAP,,2026-02-25 20:56:01
codespacer.ai,ai,是,,,未注册,RDAP,,2026-02-25 20:56:01
dataflowly.com,com,是,,,未注册,RDAP,,2026-02-25 20:56:01
mlpipelines.ai,ai,否,"GoDaddy.com, LLC",2027-06-07,client delete prohibited; client renew prohibited; client transfer prohibited; client update prohibited,RDAP,,2026-02-25 20:56:01
apigatewayhub.io,io,是,,,未注册,RDAP,,2026-02-25 20:56:02
microservicehub.com,com,否,Alibaba Cloud Computing Ltd. d/b/a HiChina (www.net.cn),2026-06-19,active,RDAP,,2026-02-25 20:56:02
serverlesslab.io,io,是,,,未注册,RDAP,,2026-02-25 20:56:03
containerdeploy.com,com,未知,,,,RDAP,请求超时,2026-02-25 20:56:03
vectordbcloud.ai,ai,是,,,未注册,RDAP,,2026-02-25 20:56:04
llamainfra.io,io,是,,,未注册,RDAP,,2026-02-25 20:56:04
promptforge.ai,ai,否,Porkbun LLC,2027-06-29,client delete prohibited; client transfer prohibited,RDAP,,2026-02-25 20:56:05
tokenflow.io,io,是,,,未注册,RDAP,,2026-02-25 20:56:05
neuralops.com,com,否,Squarespace Domains II LLC,2026-12-18,client delete prohibited; client transfer prohibited,RDAP,,2026-02-25 20:56:06
